review_id,entity_type,title,primary_category,review_date,review_score,rating_sentiment,text_sentiment_label,text_sentiment_score,helpful_count,review_text
games_139_20240316_752574,game,Free Fire MAX,Action,2024-03-16,2,negative,positive,0.3964,184949,"This game is beyond infuriating! Despite having a stellar network connection, Free Fire just refuses to cooperate. Every time I attempt to start a match, it gets stuck at the loading screen indefinitely. It's like the ga"
games_15_20220614_499374,game,Ludo King®,Board,2022-06-14,2,negative,positive,0.8126,67938,"When we get 6, and then other number, then I think you should allow a move only after finishing all the turns and not on every 6, because ultimately that person is still playing, and incomplete move cause irritation. Som"
games_15_20230320_498708,game,Ludo King®,Board,2023-03-20,1,negative,positive,0.7016,61043,"Very poor algorithm. The turns are not at all random and is created in a way to make the game prolonged. Once you play a few matches, you realise that the game plays out in a way to make it exciting for the players. Even"
games_15_20230809_498703,game,Ludo King®,Board,2023-08-09,1,negative,positive,0.9469,57992,"This app should be removed from the store. Such a poor algorithm is implemented, ensuring that no matter how hard you try, you'll need to purchase coins once you surpass 10k points. I highly recommend not spending any mo"
games_15_20240205_499074,game,Ludo King®,Board,2024-02-05,1,negative,positive,0.743,54805,"The Ul is the best amongst the peers. The game speed is excellent. However, after a while you realise that the game is biased towards certain opponents. Also, if you play 4 player games, you will find that the games are "
games_15_20230113_498719,game,Ludo King®,Board,2023-01-13,1,negative,positive,0.7016,37014,"Very poor algorithm. The turns are not at all random and is created in a way to make the game prolonged. Once you play a few matches, you realise that the game plays out in a way to make it exciting for the players. Even"
games_15_20220408_499172,game,Ludo King®,Board,2022-04-08,1,negative,positive,0.3366,33583,The game is completely biased. I try to play so good but somehow it always makes me move at an unsafe place and gives the other player the exact no. of moves it needs to cut my chances. I have seen this especially when t
games_15_20230903_498911,game,Ludo King®,Board,2023-09-03,1,negative,positive,0.8996,33328,"The game is good! But this app's algorithm fixes the winner first and then give the numbers on dice accordingly! It's not at all random numbers on dice, it's just the algorithm... How it's want you to play the game, it'l"
games_139_20241024_754426,game,Free Fire MAX,Action,2024-10-24,4,positive,negative,-0.4138,30124,"My android device switched off because of less battery percentage unexpectedly. When I try to open the app again, it keeps on providing the message ""Network busy, please retry"". The message conveys that server is current"
games_277_20230826_1020708,game,My Talking Angela 2,Simulation,2023-08-26,2,negative,positive,0.8793,25466,"Everything works well, except there are few bugs that I must tell. Firstly, one of Angela's happy expressions doesn't have her voice in it (like it used to be, do check). Second, where's the sticker shop button? I eventu"
games_139_20240502_752522,game,Free Fire MAX,Action,2024-05-02,2,negative,positive,0.8943,25301,First it was a really good game. But now I couldn't play any modes. It started in royale hide and seek and zombie modes but now I couldn't play in any modes. My friends and I go play together they all go into the match b
games_246_20200818_925193,game,My Talking Tom,Simulation,2020-08-18,1,negative,positive,0.3774,25014,"Talking tom.is really fun for my toddler, he loves playing with the app. But the whole experience is ruined by the ads in the app. The pop up ads and there's barely a place on the app thats wouldn't trigger an ad you can"
games_123_20181031_693990,game,Lords Mobile: Kingdom Wars,Strategy,2018-10-31,2,negative,positive,0.9251,24708,"The game is just OK. It is a good example of false advertisements. One cannot control wars or have different battle formations as is shown in the ads. Initial upgrades can be done at ease but later on, research upgrades "
games_15_20240828_498832,game,Ludo King®,Board,2024-08-28,1,negative,positive,0.9675,23197,"I've been playing Ludo King for a while now, but it has become a truly frustrating experience. The game seems to be rigged, with the dice rolling in favor of the Al or other players far too often. It doesn't feel random "
games_246_20210313_926198,game,My Talking Tom,Simulation,2021-03-13,2,negative,positive,0.6222,22620,A really good game used to play with my elder daughter now with my younger. I do understand you need ads to keep it free but we cant do much before another one pops up. Have wait 30 seconds which seems like ages with a 2
games_139_20230904_754670,game,Free Fire MAX,Action,2023-09-04,4,positive,negative,-0.8601,21034,"I have no issues with the game. It is also my favourite game. Graphics are good, gameplay and sounds are also good. But, I rate it 4 star because after ‘OB41’ update the damage indicator turns yellow while giving headsho"
games_139_20250105_751312,game,Free Fire MAX,Action,2025-01-05,1,negative,positive,0.6908,20660,"I have been playing this game since 3 to 4 year. But after this update there are too many bugs come in the game and I always face ""Network issues"". I have a good speed of my network but in this game it will not work, whe"
games_15_20250125_498332,game,Ludo King®,Board,2025-01-25,1,negative,positive,0.5152,20200,"Ludo gameplay is engaging, but the frequent lag issues are frustrating. Despite having a high-speed WiFi connection, the game often freezes, causing players to lose their turn unfairly. This affects the overall experienc"
games_277_20220627_1019690,game,My Talking Angela 2,Simulation,2022-06-27,1,negative,positive,0.7608,19524,"I've been playing this game for 2 years. Sure, it can be fun. It TOTALLY needs an upgrade. For instance, the travel needs to interact and we need to get more stuff. The stores need more areas and easy,medium,and hard thi"
games_15_20190502_498711,game,Ludo King®,Board,2019-05-02,1,negative,positive,0.5574,18445,"The game and interface are great and addictive. But the biggest problem is that the moves are predictable and not random. If you play enough games(I played 60-70), you can pretty much predict some crucial dice outcomes. "
games_277_20240411_1023791,game,My Talking Angela 2,Simulation,2024-04-11,5,positive,negative,-0.4781,17790,"I really enjoy playing I but I kinda wish there were more clothing options because her closet is very limited. I don't like that you need to watch an ad or pay for some of the hair, clothes and makeup then only get to us"
games_139_20241226_751324,game,Free Fire MAX,Action,2024-12-26,1,negative,positive,0.751,17408,"Fan of Old version. Not able to adapt to this. Played it first time in 2018, it was smooth, no extra things & minute character bonuses. Fair game for everyone. It changed lot, today. Adding so many features it started to"
apps_141_20250112_360132,app,Google Play Games,Entertainment,2025-01-12,1,negative,positive,0.802,17340,I'm trying to join my daughter. Kids accounts can't use this. I don't understand why? It's just to save progress and compare achievemts there seema to be bo social messaging aspect. Cliffs.. should be available for kids.
games_277_20250127_1022689,game,My Talking Angela 2,Simulation,2025-01-27,4,positive,negative,-0.9372,15986,"Really good game and there are lots of things to do, but the 3 things that make me a little ticked are 1, the ads. THEY ARE SO ANNOYING and to get literally anything, you either have to use coins or watch a bunch of ads."
games_139_20240124_754571,game,Free Fire MAX,Action,2024-01-24,4,positive,negative,-0.3739,15636,"Game is good I have played since 2017 when it came, But several times when I play there's a glitch which is annoying. So what happened is when I came after playing several times once a month, I can't start a match even t"
apps_175_20231023_382752,app,Alibaba.com - B2B marketplace,Shopping,2023-10-23,2,negative,positive,0.8647,15614,"The items are great, but when I click on one of the variation options and add enough that I more than satisfy the minimum requirement, then press the ""Send inquiry"" button. it just shows a black screen and I have to can'"
games_139_20250219_751318,game,Free Fire MAX,Action,2025-02-19,1,negative,positive,0.9325,15048,"It is honestly way too frustration with all the characters and items that have the super fast healing abilities and all that. Honestly healing is totally fine and characters having that ability is cool too , but the heal"
games_139_20240320_754790,game,Free Fire MAX,Action,2024-03-20,4,positive,negative,-0.6928,14672,"The best game I had ever played in my life. When I first started it in 2021 it was really good. The gameplay, exclusive items literally Everything! But now, its not worth it. The rare costumes, characters and weapon skin"
games_277_20220921_1019689,game,My Talking Angela 2,Simulation,2022-09-21,1,negative,positive,0.7706,14549,"This app has become very glitchy recently. It lags and skips unexpectedly when trying to use items or click on certain areas. (Yes, I turned the app and my phone off and on again). This causes a player to click in unexpe"
games_116_20240127_665616,game,Worms Zone .io - Hungry Snake,Action,2024-01-27,4,positive,negative,-0.9283,14458,I like the game but it has a few bugs. Even if I don't want to speed up it happens automatically and I loose my points sometimes or just the worm gets killed :< . The ads again. That's a problem. Whenever I don't want to
games_15_20240110_499169,game,Ludo King®,Board,2024-01-10,1,negative,positive,0.8707,14233,"Worst experience it is absolutely baised game, if you have more coins then your opponent then you rarely win. It gives only 1,2,3 and Max 4 maximum time and 5 and 6 rarely. But the opponent gets double 6, 5, 4 maximum an"
games_246_20220125_926240,game,My Talking Tom,Simulation,2022-01-25,2,negative,positive,0.6808,14183,I just unistalled all talking tom and friends games. I downloded them on my phone for my sister for when I need a break from her. Yet I dont get a break because theres so many ads that she comes up to me like evey two mi
games_139_20240611_754995,game,Free Fire MAX,Action,2024-06-11,4,positive,negative,-0.9661,13665,So better game . I am playing this since 2017 but there is one glitch from starting and no one has ever said about it. This is when you are standing by a wall your gun comes out and can be located by enemies. Also enemie
games_15_20231028_499180,game,Ludo King®,Board,2023-10-28,1,negative,positive,0.3912,12966,"I have a complaint regarding Ludo where the tokens don't move correctly, can't strike opponent's tokens, and don't reward winnings properly."" The online experience is very bad.it is good to play offline. The online versi"
games_18_20221224_514954,game,Dream League Soccer 2025,Sports,2022-12-24,2,negative,positive,0.7285,12921,"It was really awesome, amazing and exciting game... But this latest update has ruined everything! I really am enjoying the harder and more ruthless gameplay... The advertisements are ruining the experience! The ads that "
games_15_20220327_499472,game,Ludo King®,Board,2022-03-27,2,negative,positive,0.8481,12553,"Though i love using this game only with friends , They mostly try to make win those contestants who have more coins relatively while playing online with strangers. It seems like they already have a fixed winner . n voice"
games_277_20231005_1020739,game,My Talking Angela 2,Simulation,2023-10-05,2,negative,positive,0.8316,12419,"I love this game, but I got experienced some bugs such as every time that I completed the Focus and Flow in Martial Arts Studio, the app keeps stopping. I hope you will fix this as soon as possible. Thank you for underst"
games_139_20231013_754773,game,Free Fire MAX,Action,2023-10-13,4,positive,negative,-0.2384,12368,"It's the best battle royale game on the market. It's one of the few battle royales that has minimised the rng that comes with battle royales, it's the most unique playing and the most fast paced. And it's the only game t"
games_123_20210414_695925,game,Lords Mobile: Kingdom Wars,Strategy,2021-04-14,4,positive,negative,-0.7785,12340,"Lords mobile is my favorite game. It's a real time, tower defense, strategy game. But its unlike any game I've played in these categories before, it stands out with its unique gameplay and extras that add to the fun of t"
games_277_20221116_1019701,game,My Talking Angela 2,Simulation,2022-11-16,1,negative,positive,0.7798,12054,"Way too many ads. I open a new screen? Ad. I close a screen? Ad. I want something? Ad (or real money purchase). The interface is full of ads and in game purchases you have one to three free options, almost everything els"
games_277_20230617_1020710,game,My Talking Angela 2,Simulation,2023-06-17,2,negative,positive,0.3506,11818,"The game is nice and cute, but at the same time confusing. I don't know if it's an error or bug but sometimes the game itself is malfunctioning, especially in the mini game in mini map, in the music building, it suddenly"
apps_141_20190428_360914,app,Google Play Games,Entertainment,2019-04-28,1,negative,positive,0.204,11659,"i couldn't open play games, it continuously tells that play service is updating, whereas my play service is up to date ,i cant even play any games which i have saved in play games. This problem is getting worse day by da"
games_139_20250303_755131,game,Free Fire MAX,Action,2025-03-03,5,positive,negative,-0.3965,11449,"It's a very nice game, quite addictive ,very good graphics, can play with friends or alone but sometimes there are glitches and there are hackers too, sometimes it's like you are shooting someone in game but it doesn't d"
apps_175_20230221_392111,app,Alibaba.com - B2B marketplace,Shopping,2023-02-21,5,positive,negative,-0.6712,11222,"It's a very great app, my little suggestion is that, in order to spot for fraudulent activities, suppliers who usually expect a new customer to perform transactions and payment outside the app must be spotted and blocked"
games_104_20220701_643282,game,WorldBox - Sandbox God Sim,Simulation,2022-07-01,4,positive,negative,-0.4749,11095,"I really like this game. The challenges are not too easy, but they're not impossible either which i like, and I don't think there are too many cars. although sometimes there's 4 cars in each lane at the same time which i"
games_139_20241211_751373,game,Free Fire MAX,Action,2024-12-11,1,negative,positive,0.7717,11038,"I’ve been playing this game for six years, and the first three years were amazing. However, the game has gone downhill with repetitive events and poorly designed, unbalanced characters that ruin the experience. The graph"
games_50_20200725_584216,game,Robbery Bob 2: Double Trouble,Adventure,2020-07-25,1,negative,positive,0.2732,10926,It was one of the worst game ever in my life. It's first version is the best game ever in my life and my favourite too but I completed it making all the levels perfect. But in the hauntington level they are just stealing
games_15_20240817_499380,game,Ludo King®,Board,2024-08-17,2,negative,positive,0.7743,10782,"I like this app. It Passes time and keeps one entertained. I would've given it 5 stars, but the dice isn't random.. How do I tell? I've memorised some of its common patterns. Another issue is the network issue, when my f"
games_246_20221027_929218,game,My Talking Tom,Simulation,2022-10-27,5,positive,negative,-0.8985,10768,This game has helped me so much! I get anxiety/ panic attacks almost every night and I just jump on talking tom and start playing the games and it helps me calm down. The only downside of it is that.. when tom gets to sl
games_104_20240316_641261,game,WorldBox - Sandbox God Sim,Simulation,2024-03-16,2,negative,positive,0.9831,10709,"Really great graphics with nice bikes to ride but progress is very very slow and levels in the end are extremely difficult, almost impossible even with the best bike fully upgraded. Kudos to anyone who can actually finis"
games_246_20200726_926199,game,My Talking Tom,Simulation,2020-07-26,2,negative,positive,0.9002,10277,"Great game until recently. The reward boxes never appear. Nevermind the double awards ones. Plus, what is this tap-a-tom thing? I got a notification and tried it- all I ended up doing is beating up my cat! So then I thou"
apps_175_20240705_392063,app,Alibaba.com - B2B marketplace,Shopping,2024-07-05,5,positive,negative,-0.9149,10250,App works well for looking and purchasing products. However when something goes wrong getting a customer service agents help is very difficult. The AI assistant in my view is useless ! very frustrating Tring to get your 
games_246_20230325_926211,game,My Talking Tom,Simulation,2023-03-25,2,negative,positive,0.9442,10184,"I do not have any money becuase I am homeless in Houston, Texas. So with the option to watch an AD and recieve a chance to Spin the wheel for a prize, I like that. But, the game NEVER gives you anything like 1000 coins o"
games_246_20201030_926212,game,My Talking Tom,Simulation,2020-10-30,2,negative,positive,0.5005,10163,I wanted to install the game again and immediately installed it... I used to love this game and now there afe THREE packages you can click to earn something by watching an ad and normally I don't mind that but they won't
apps_141_20210608_362527,app,Google Play Games,Entertainment,2021-06-08,2,negative,positive,0.9024,10113,"I love being able to download apps for free. If I ever did have issues it was due to a coding issue, Not Google. My issue with Google Play is that I can't add funds to my account for some reason. For years now, or longer"
games_50_20190527_585222,game,Robbery Bob 2: Double Trouble,Adventure,2019-05-27,2,negative,positive,0.7506,9859,"good game, bad controls. this game is actually good, but the movements, sensitivity and controls are bit laggy. the game interface needs to be refined, it's slow and it's also difficult to maneuver your player. all these"
games_139_20220626_755016,game,Free Fire MAX,Action,2022-06-26,4,positive,negative,-0.4854,9750,Nice game play but it is sometimes painful to not be able to use hands to climb on containers...it will be helpful to add this option pls ...when we fall off we are force to return to a lower platform that is at a jump h
apps_141_20181213_359801,app,Google Play Games,Entertainment,2018-12-13,1,negative,positive,0.8591,9598,"Having an issue where it just doesn't run on my phone, just keep on loading. I tried everything from changing to other ISPs, updating to newest version, forced stop, reinstalling, and even clear data. It doesn't let me l"
games_15_20240630_499120,game,Ludo King®,Board,2024-06-30,1,negative,positive,0.3917,9411,"This game has a manipulative dice .When we have many coins , it gives bad numbers....🤬 I mean I lost 7 times in a row! Is it possible? The code of algorithm is written to make people purchase coins. Such a waste of 72 MB"
games_246_20221114_925215,game,My Talking Tom,Simulation,2022-11-14,1,negative,positive,0.5863,9398,I wont give 1 star if i dont have to. Full of ads. Boring. Concept of this app is nice. But toooooo.... many ads made this app just dustbin. I couldn't use continuously 30 sec without disturbing ads. Sometimes you can't 
games_246_20200904_925197,game,My Talking Tom,Simulation,2020-09-04,1,negative,positive,0.8012,9395,"Waaaay too many ads. My toddler can hardly play the game without constant interruptions. There are present/gift box objects in game that look like fun to my kid, so she taos them, but they're really just buttons to watch"
games_277_20240329_1019723,game,My Talking Angela 2,Simulation,2024-03-29,1,negative,positive,0.8779,9208,"Hi, while I love the game, there are some problems with it. First, there's no new events to collect clothing or anything. All I'm doing is collecting stickers for the cosmic event for who knows how long for the same priz"
apps_214_20250108_439571,app,TikTok Studio,Video Players & Editors,2025-01-08,1,negative,positive,0.5376,9155,One of the worst experiences ever! When I try to upload a profile photo the app says I have edited my profile too many times today! When I try to create a custom user name the customization saves but when I navigate back
games_15_20230717_499117,game,Ludo King®,Board,2023-07-17,1,negative,positive,0.9698,8993,"Worst experience it is absolutely baised game, if you have more coins then your opponent then you rarely win. It gives only 1,2,3 and Max 4 maximum time and 5 and 6 rarely. But the opponent gets double 6, 5, 4 maximum an"
apps_175_20210504_380184,app,Alibaba.com - B2B marketplace,Shopping,2021-05-04,1,negative,positive,0.6792,8865,"Sellers always change the price! The ad may list an item for $138 but when you go to order it they say the price is $800. I have had multiple experiences like this on Alibaba. Stick to taobao, AliExpress, eBay or Amazon,"
apps_175_20220903_388821,app,Alibaba.com - B2B marketplace,Shopping,2022-09-03,4,positive,negative,-0.6745,8592,There is a bug that needs fixing? Everytime I try to search a product up it would show me repetitive results with products totally off topic with the search name. Example types in poly fabric and the results would show c
games_17_20240712_512254,game,eFootball™,Sports,2024-07-12,4,positive,negative,-0.8542,8568,"Playing this game for more than 4 years now. Every update changes the overall gameplay. Although i got used to the controls quite quickly on the previous ones, but this one is the worst update ever. The player movement a"
games_139_20250228_751123,game,Free Fire MAX,Action,2025-02-28,1,negative,positive,0.4404,8425,"Free Fire is the worst game for me because, while playing CS rank with one character, after finishing the game and returning to the lobby, I started a new CS rank match, and my character automatically switched to another"
games_17_20250205_511325,game,eFootball™,Sports,2025-02-05,4,positive,negative,-0.3104,8391,"The game is the best video game ever the graphics is very good the game is just excellent, but just small issues with the controller whenever you want to pass your ball, it goes to the opponent player and no good statist"
apps_141_20200910_362831,app,Google Play Games,Entertainment,2020-09-10,2,negative,positive,0.7269,8391,The entirety of google play needs to be revamped. False star ratings as far as the eye can see. You see 4.4 stars until you open the reviews and almost all the games reviewers are rating 1 star. Games are insanely overlo
games_17_20241012_512327,game,eFootball™,Sports,2024-10-12,5,positive,negative,-0.6229,8380,"This game is on streak,, one of the best soccer game in terms of graphics, players, matches, commentary, performance and more, but some of the kits are not perfectly designed, for example the Manchester City jersey is no"
games_139_20240203_752349,game,Free Fire MAX,Action,2024-02-03,2,negative,positive,0.6059,8373,"""Free Fire offers fast-paced gameplay with a variety of weapons and characters, but it's not without its issues. Players may encounter bugs and glitches, and there's a concern about cheating and hacking. Customer support"
games_246_20221030_925219,game,My Talking Tom,Simulation,2022-10-30,1,negative,positive,0.6408,8295,"Ads ruin the experience. This is unfortunate because the ""gameplay"" is something my toddler LOVES. Every screen has multiple traps for your little one to click on that brings them to something else to download or buy. Li"
games_275_20250328_1012701,game,Snake.io - Fun Snake .io Games,Action,2025-03-28,4,positive,negative,-0.6034,8256,"Good game , it's generally fun but it can be a bit competitive to casual players especially the infamous ranked some are Ai and cheaters. Even the unranked is not as enjoyable as it used to be, there are more bots and ch"
games_116_20201226_665583,game,Worms Zone .io - Hungry Snake,Action,2020-12-26,4,positive,negative,-0.5423,8208,"The game is great, runs smooth and such. My only issue is that when I finally get to top spot, I die by running into something invisible. If it only happened occasionally it wouldn't be a big deal, but it happens every t"
apps_177_20240921_409782,app,Talkie: Creative AI Community,Entertainment,2024-09-21,1,negative,positive,0.9418,8199,"This app used to be really cool with its art style, the ability to create your own character, and more, but now, after a short conversation, they all become the same with ""can I ask you a question?"" And it's annoying sin"
games_116_20210320_662681,game,Worms Zone .io - Hungry Snake,Action,2021-03-20,1,negative,positive,0.5374,7810,Cool except it keeps ripping me off for coins. I set my skin yet when i come bsck later its back to the old skin and my 100 coind are still gone. Very very annoying as coins are so hard to get. Well it happened 2 more ti
apps_214_20241022_439593,app,TikTok Studio,Video Players & Editors,2024-10-22,1,negative,positive,0.9269,7705,This App isn't the same as tiktok it doesn't have the fyp and you can't scroll like you can on tiktok and it doesn't have a personal page that you can manage and it doesn't seem like there videos are up to date I really 
games_18_20210521_515092,game,Dream League Soccer 2025,Sports,2021-05-21,2,negative,positive,0.8459,7574,"Buying new players and facility upgrades is next to impossible thanks to the pittance you're paid! It's infuriating because aside from that, this is the best football game you can play on mobile. Despite the fact that sc"
games_17_20250205_508328,game,eFootball™,Sports,2025-02-05,1,negative,positive,0.4951,7493,"When you increase the difficulty of the game to superstar or legend..... It doesn't make the game harder, it just makes your players less effective. For instance all your forward passes would be intercepted, tackling the"
games_139_20220615_755031,game,Free Fire MAX,Action,2022-06-15,4,positive,negative,-0.8499,7364,I honestly can't tell if I'm playing against bots or people. Extremely confusing GUI. It says I was awarded some kind of sniper rifle for 24 hours but where the heck is it? I can't find any of the items I've been so call
games_18_20230827_515093,game,Dream League Soccer 2025,Sports,2023-08-27,2,negative,positive,0.5023,7266,It's became a terrific game .I downloaded it after 1 year and now it's just trash. The shooting buttons suddenly stops working at the middle of the match and you get cards for a simple foul but when the opponent does it 
games_246_20240612_925231,game,My Talking Tom,Simulation,2024-06-12,1,negative,positive,0.2383,7220,"The greediest app I've ever seen in my life. I mean it's OK for a freemium app to throw an ad every once in while, but not every second!! If the target audience were adults, that would be one thing, but don't even think "
games_15_20230217_498326,game,Ludo King®,Board,2023-02-17,1,negative,positive,0.6077,7206,"Not at all random. One example? Played 100+ games and never once rolled three consecutive 6s. If it was truly random, it would have happened at least once in that sample size. Also, many more times than not: if you're wi"
apps_214_20240727_440640,app,TikTok Studio,Video Players & Editors,2024-07-27,2,negative,positive,0.4791,7138,Automatically shortens videos if you add in multiple things. Very hard to adjust the video to actual length and it will revert back to shortened length if you change the music. Also added in music and it started halfway 
games_15_20220510_498744,game,Ludo King®,Board,2022-05-10,1,negative,positive,0.867,6923,"Hi, I want to play this game but I can't! The ads selected play and then I can't leave the ad! The 'X' button is not functional. However, when I click 'install' I get taken straight to Google Play to download the game! I"
games_15_20201220_502721,game,Ludo King®,Board,2020-12-20,5,positive,negative,-0.9128,6896,"1. Very useful app for playing games with family members or with a friends. 2. But so many times we see the advertise but at the time of getting coins, app says ""something wrong"". This is big drawback of the app. At time"
apps_141_20201107_368576,app,Google Play Games,Entertainment,2020-11-07,4,positive,negative,-0.6125,6876,"It's pretty standard as far as game account apps go, so I have no reason, in that regard, but to give it full stars. That said, I docked an entire star because I keep getting a popup saying the app needs immediate attent"
games_139_20230116_752831,game,Free Fire MAX,Action,2023-01-16,2,negative,positive,0.34,6828,It's a great game for entertainment but it's items are expensive. Some people can't afford it's rates of topups . But my experience of playing is great.i've been playing this since 2 years but I've topep it up twice in t
games_163_20200608_841289,game,Hungry Shark Evolution,Action,2020-06-08,1,negative,positive,0.2061,6824,"It is really great to see the new shark! but the price of the baby sharks is so high that many of us cant afford it. And if the sea is expanded and more dimension like the mini titanic level is added, the game will be fa"
games_15_20190503_500293,game,Ludo King®,Board,2019-05-03,2,negative,positive,0.5305,6812,it seems like they already decide who should be the winner... and they give us numbers according to thier plans... i have started to dislike this game... Even when all i need is one... the opponents win after moving all 
apps_141_20200828_359556,app,Google Play Games,Entertainment,2020-08-28,1,negative,positive,0.8625,6738,"It's great if you want to play your game on multiple devices. The con, it doesn't automatically sign in to your saved game when you log in. I have to manually do it after the game loads, then the game has to reload, and "
games_15_20200807_498709,game,Ludo King®,Board,2020-08-07,1,negative,positive,0.8934,6722,"The algorithm is not right. Dice rolls are predictable, and it always seem to favour a couple of players toward the end of the game. It can be me, if I am lucky enough, but mostly its the others. A number of options are "
games_278_20230530_1028689,game,Kick the Buddy: Second Kick,Action,2023-05-30,5,positive,negative,-0.3275,6708,In my opinion this is better than the first one by far. 1 the reality of this game is unreal. 2 the game has so much new weapons to destroy Buddy with. 3 overall one of the best games I've played. But there is some issue
games_17_20240125_512177,game,eFootball™,Sports,2024-01-25,4,positive,negative,-0.5113,6527,The game is super realistic and fun to play. The game is so wholesome but the actual problem is completely related to online matches. 1. The matchmaking time in online matches is too long and it's boring to wait for the 
apps_175_20220612_380041,app,Alibaba.com - B2B marketplace,Shopping,2022-06-12,1,negative,positive,0.5876,6466,App barely loads and isn't worth getting. Alibaba itself has far to much going on and needs to take a few steps back and make it more user friendly. I'm lost in communications with companies at the best of times. There i
games_18_20230712_515144,game,Dream League Soccer 2025,Sports,2023-07-12,2,negative,positive,0.9282,6439,The game play is excellent as always but the transfer market needs to be changed. If the developers are able to bring the search option in the transfer menue back it would really be appreciated and I would also like to a
games_18_20250327_513353,game,Dream League Soccer 2025,Sports,2025-03-27,1,negative,positive,0.9636,6429,"The creators of this game don't know how to make a game that is fair. I've been playing this game for years and with every upgrade, the graphics and commentary improves but the actual gameplay gets worse. Because the dev"
apps_98_20240928_290357,app,YouTube TV: Live TV & more,Entertainment,2024-09-28,4,positive,negative,-0.6468,6393,"Finally the ability to go between two channels!Now they need to fix the volume issue as the volume on commercials is very high compared to regular programimg. This is very annoying and I have to mute the commercials, esp"
games_123_20210601_697196,game,Lords Mobile: Kingdom Wars,Strategy,2021-06-01,5,positive,negative,-0.9333,6367,"Exciting and challenging game. It trains your mental capacity how to deal with the enemy using strategies and techniques in the midst of war. Your stronghold against the enemy should be steady, fast and the agility shoul"
apps_175_20250208_391757,app,Alibaba.com - B2B marketplace,Shopping,2025-02-08,5,positive,negative,-0.5463,6347,"Any bad reviews I've noticed are from people who fell victims to scams, didn't read the product description throughly, didn't check store reviews, didn't shop with verified stores/sellers, or just didn't do their due dil"
apps_177_20240312_417017,app,Talkie: Creative AI Community,Entertainment,2024-03-12,4,positive,negative,-0.7839,6334,"Everything is alright, the ai is sometimes confusing, but I can get through it, I have one problem.. It's the fact that you have a limit to how much you can chat with an A.I, which for me is really dumb. Nonetheless, the"
apps_175_20230321_379971,app,Alibaba.com - B2B marketplace,Shopping,2023-03-21,1,negative,positive,0.7794,6195,"This app is good in checking whatever kinds of items you need. But I also some problem in ordering the items from here. Like for example when you want to buy yourself an item, they are cheap from the app's price but when"
apps_214_20250227_439570,app,TikTok Studio,Video Players & Editors,2025-02-27,1,negative,positive,0.8922,6192,"The only Pro to this app is that it houses all of the most trendy and commonly used effects in the same app that you can post from and see your analytics but as far as ease of use and simplicity of tools. Youcut, Capcut,"
games_17_20220605_509807,game,eFootball™,Sports,2022-06-05,2,negative,positive,0.4779,6134,"An unfortunate consequence of the rebranding of this game from PES to eFootball is the unnecessary changes to the gameplay. The sensitivity of the joystick is far too high, making mispasses more likely than they were ear"
games_139_20220506_754971,game,Free Fire MAX,Action,2022-05-06,4,positive,negative,-0.7755,6093,"In the comparition of the other games this game is highly graphically and well improved. But now it takes much time to login into the ID and also shows "" NETWORK CONNECTION IS ERROR "" otherwise other apps are working pro"
games_104_20190216_640283,game,WorldBox - Sandbox God Sim,Simulation,2019-02-16,1,negative,positive,0.3182,5954,Great game. I paid to get rid of commercials and now all is does is beg for money. It never let's you finish a leg without gold tokens that you must buy or watch commercials. You buy a bike and then have to spend outrage
games_139_20220628_752711,game,Free Fire MAX,Action,2022-06-28,2,negative,positive,0.5476,5792,"As you know day by day it is adding different type of puzzle games like, Ludo, boxing, and much more small games in it. Which increasing it's size Unnecessarilly and made it a heavy game. It is lagging due to large size."
games_254_20220906_954843,game,Words of Wonders: Crossword,Word,2022-09-06,2,negative,positive,0.7523,5755,"There were too many ads. They corrected this. But this is so easy and so limited. After about 125 levels (which you can complete in 2-3 hours) the levels keep repeating. Good game ... but in my opinion, the maker needs t"
games_116_20201215_663592,game,Worms Zone .io - Hungry Snake,Action,2020-12-15,2,negative,positive,0.6398,5721,"After working hard to save up coins to upgrade the additional upgrades, They were erased for no reason. Hours of play time, and a rediculs amount of adds later. With nothing to show for it. Also the bigger you get the ha"
games_116_20201229_663633,game,Worms Zone .io - Hungry Snake,Action,2020-12-29,2,negative,positive,0.838,5705,This game is somehow not a multiplayer game. every session or arena you go into is filled with AI controlled players. there does not seem to be real live players. TIPS to you guys... You can actually pause the game you a
games_116_20230301_663584,game,Worms Zone .io - Hungry Snake,Action,2023-03-01,2,negative,positive,0.624,5667,Controls are too jumpy and all the ads make it almost impossible to really enjoy the game. Take playing for hours to try to get big enough to get in the top 5 on the leader board. Also the physics are too fast which make
apps_141_20190322_359840,app,Google Play Games,Entertainment,2019-03-22,1,negative,positive,0.7729,5653,Very sad with this app... Was expecting WAY more from Google... I had amazing progress in a game but Google was logging in every time but still couldn't read my achievements... What I mean is that when I opened Google Pl
games_51_20210322_589794,game,Kick the Buddy－Fun Action Game,Action,2021-03-22,1,negative,positive,0.8953,5621,"Really an amazing game, incredibly fun even, but all the ads, they just kill the whole thing, I don't think I have ever seen a mobile game with as many ads as this one, please, please calm down with the ads, or atleast m"
games_51_20201222_592239,game,Kick the Buddy－Fun Action Game,Action,2020-12-22,4,positive,negative,-0.4326,5621,"Awesome. I enjoy being able to kick the hell out of buddy. Although, they could add a sandbox version. Also, WAY. TOO. MUCH. ADS. I tap something, ads. I grab a weapon, ads. I kill buddy, ads. I play for more than 30 sec"
games_116_20220420_663582,game,Worms Zone .io - Hungry Snake,Action,2022-04-20,2,negative,positive,0.7773,5610,"I like the game because it takes real skill to play against real players. Offers an even playing field. However, I had spent months trying to upgrade my worm only to descover that it really doesn't upgrade anything. Cons"
apps_177_20240313_409778,app,Talkie: Creative AI Community,Entertainment,2024-03-13,1,negative,positive,0.8121,5607,"Everything about this app was once absolutely amazing, and gave me something to do in my free time. now, there's just too many problems after EVERY update. Too many ads, the AI repeating themselves, the lightbulb thing d"
games_246_20210218_925270,game,My Talking Tom,Simulation,2021-02-18,1,negative,positive,0.5603,5596,"I've always liked this game, however.... I can't ever save my gameplay whenever I get a new device I always have to start over! It really bothers me. It should just sinc together on all of my devices, don't you think?!?*"
apps_141_20200630_362771,app,Google Play Games,Entertainment,2020-06-30,2,negative,positive,0.765,5558,"Usually this app is fine, but I've had the same issue as someone else who wrote a review yesterday, that I try to log into Star Wars Heroes and it says it's been 24 hours or another device has logged in, I was playin it "
games_116_20250308_662588,game,Worms Zone .io - Hungry Snake,Action,2025-03-08,1,negative,positive,0.7579,5505,It keeps saying no internet connection since I downloaded yesterday and yet I still get an ad everytime I play a game except when I take rewards. My wifi and data are both fine. I've watched videos and played a far stron
apps_141_20210322_360019,app,Google Play Games,Entertainment,2021-03-22,1,negative,positive,0.4912,5498,"Been having issues getting into my games. I try logging in a game and it kicks me out, won't load at all. I see many other's complaining about this same issue. What's going on?! Fix it please!!! #Gameslogin... How to upd"
games_139_20241204_751727,game,Free Fire MAX,Action,2024-12-04,1,negative,positive,0.32,5394,"The OB47 update for Free Fire Max has been a huge letdown. Despite playing on a 5G device and stable Wi-Fi, the game suffers from extreme lag and ping spikes, often reaching 300-400ms. Ranked matches are unplayable, and "
games_120_20220329_681219,game,1945 Air Force: Airplane Games,Action,2022-03-29,2,negative,positive,0.7617,5376,The interface is too cumbersome. Too many elements. I find my self lost on how to upgrade then to find out that upgrades are out of reach without paying. Or it may take u few years to reach that level for free. This game
games_17_20250409_508384,game,eFootball™,Sports,2025-04-09,1,negative,positive,0.6251,5333,"Getting worse with every update they had. The cursor switch is so bad; going back and forth, the match making doesn't make sense at all. Why am I facing someone who's in D1 with 3227 overall team strength when I'm in D2 "
games_246_20230718_925196,game,My Talking Tom,Simulation,2023-07-18,1,negative,positive,0.5372,5314,"This game is ruined, just like any decent mobile game, ads have to come right in and kill the experience. I couldn't even play the game for 2 minutes without a 30 second ad. It's not even a game at this point, it's just "
games_15_20231214_499113,game,Ludo King®,Board,2023-12-14,1,negative,positive,0.7666,5297,"This game seems to be bias. It already knows the winner before the game started and it makes sure it gives him/her favorable rolls. If this algorithm thinks it will make people to leave the game after their last win, the"
games_246_20240124_925232,game,My Talking Tom,Simulation,2024-01-24,1,negative,positive,0.3071,5294,"I downloaded My Talking Tom, expecting an enjoyable experience, but it turned out to be a letdown. The 110MB download didn't translate into much fun, and the excessive ads only added to the frustration. I've decided to u"
games_116_20240923_666748,game,Worms Zone .io - Hungry Snake,Action,2024-09-23,5,positive,negative,-0.382,5210,This game is so good. Good graphics and addictive game. But there is one little problem a ad pops up every time I died or choose. But I found a solution. IT IS Turn off the internet connection before opening the app but 
games_51_20201008_589356,game,Kick the Buddy－Fun Action Game,Action,2020-10-08,1,negative,positive,0.9205,5107,"Fun to play but way too many ads, even after you buy the ""remove ads"" package. And the VIP package is way too expensive. I could see spending that or even a little more for a month renewal, not a week. Other than that it"
apps_214_20241207_439575,app,TikTok Studio,Video Players & Editors,2024-12-07,1,negative,positive,0.416,5079,"I don't like that the Studio doesn't see my TikTok templates. What for do I need templates? Because in the templates, I have my favorite effects that were in TikTok in the past, but then they removed them. I use template"
apps_175_20241031_388777,app,Alibaba.com - B2B marketplace,Shopping,2024-10-31,4,positive,negative,-0.553,5037,"Over-all, I'm impressed. I was a skeptic. I thought it was a scam trying to get my financial info. So far, no issues! I've ordered over $500 worth of stuff. My complaints are: 1- companies shouldn't post the minimum orde"
apps_175_20231006_379909,app,Alibaba.com - B2B marketplace,Shopping,2023-10-06,1,negative,positive,0.3265,5009,"When you click on a certain category or listing the screen just stays blank and white so you have to exit it and look at something else. Reviews sections also do not load either. It's not my connection, i tested my wiFi "
games_123_20200620_692991,game,Lords Mobile: Kingdom Wars,Strategy,2020-06-20,1,negative,positive,0.8047,4989,"Addicting game, but VERY COSTLY. There are a few items that once you maxed level become useless. Spend a few thousands and can never get a big reward. Not to mention the support team was fairly rude and dismissive on my "
apps_175_20220221_382792,app,Alibaba.com - B2B marketplace,Shopping,2022-02-21,2,negative,positive,0.931,4943,"I hope this app improves into more user friendly options. Like when you want to look for similar items, it should be more relevant what you look for. Also, i hope more shops have that add to cart option so you can compar"
games_133_20240504_732256,game,Age of Apes,Strategy,2024-05-04,4,positive,negative,-0.25,4873,"You can play without spending,look around in VIP4 advertisement free,most players don't raid their own servers they just try keep it peaceful as attack on cities is considered a bit offensive to the players,game runs smo"
games_51_20201224_590220,game,Kick the Buddy－Fun Action Game,Action,2020-12-24,2,negative,positive,0.9436,4792,"Full of ads, as expected. I had fun until I had to watch an ad every minute or so. I don't mind ads that much, but please knock it down a bit. So why 2 stars? I enjoyed the game in the first few minutes and the variety o"
games_17_20240223_509660,game,eFootball™,Sports,2024-02-23,2,negative,positive,0.4215,4774,"The game is great and better than it's competitors. The only complaint I have is when you play matches at superstar level and legend difficulty levels, it feels like your opponents have some kind of magnets on them, whic"
games_18_20250305_514789,game,Dream League Soccer 2025,Sports,2025-03-05,2,negative,positive,0.8498,4753,"Dear FTG, I don't know if you guys are now turning your game for kids and the unemployed. Many of us complained about how the prize ladder being too stretchy and exhausting, but what did you guys do, you increased it fro"
games_133_20230903_729509,game,Age of Apes,Strategy,2023-09-03,1,negative,positive,0.799,4716,Great game if you are pocket full. The game gives unlimited ways to spend your bucks. No skill required and money is enough to win. No balance between spending and skill. Most rewards are also be issued only with in-game
games_123_20230605_693929,game,Lords Mobile: Kingdom Wars,Strategy,2023-06-05,2,negative,positive,0.7783,4665,"There's way too much going on. As soon as you try to get used to something, you level up and more and more things unlock. It's hard to navigate between the copious amounts of events and verges, hero battles, adventures, "
games_51_20200903_590221,game,Kick the Buddy－Fun Action Game,Action,2020-09-03,2,negative,positive,0.802,4661,"SO. MANY. ADS. The only reason I didn't rate 1 star is because the game is decent to play when I want to pass time, but I have to play on airplane mode in order to actually play it longer than 3 seconds. There are ads on"
apps_175_20201229_379764,app,Alibaba.com - B2B marketplace,Shopping,2020-12-29,1,negative,positive,0.3162,4644,"The pictures of items that I'm interested in purchasing don't show up, just a blank page or screen. I've Uninstalled it several times in order to sign in. Sometimes it works & Sometimes it doesn't. Very frustrating. 😕 😑 "
games_120_20221103_680139,game,1945 Air Force: Airplane Games,Action,2022-11-03,1,negative,positive,0.5452,4623,"Hope you like pay walls. What a disappointment. This game started out great; fun, engaging and just an overall good experience. Right up until you hit the level that's too hard, and you can't increase your plane's abilit"
games_246_20200922_925203,game,My Talking Tom,Simulation,2020-09-22,1,negative,positive,0.85,4546,"Wow, truly amazing. A great app converted into a garbage by the ads. If the ads are reduced and the app is made as of before, more users are likely to increase. But the unnecessary ads keep poping up and irritating us. I"
games_15_20201230_499974,game,Ludo King®,Board,2020-12-30,2,negative,positive,0.9547,4467,Seriously though the whole fun part of playing ludo is the 'chance' factor. The randomness of the game is what makes you want to play it over and over again. But this one is manipulated for reasons I can't even explain. 
apps_175_20220720_388866,app,Alibaba.com - B2B marketplace,Shopping,2022-07-20,4,positive,negative,-0.8503,4432,"The search result on app for me is terrible. When I search for an item, it only displays the correct results for only 2 seconds and then changes to random items I never searched for. It's very annoying and frustrating to"
apps_214_20250116_439576,app,TikTok Studio,Video Players & Editors,2025-01-16,1,negative,positive,0.9205,4409,"The app is literally unusable!!! Can't upload any of my content, won't allow any edits, crashes constantly and has caused nothing but stress. Worst thing tiktok ever did. Why create some rubbish extention when the normal"
games_104_20231028_641268,game,WorldBox - Sandbox God Sim,Simulation,2023-10-28,2,negative,positive,0.9639,4377,I love this game a little bit challenging and issues there's like a lot of traffic out there but a little great graphics but it's hard right it with your tilting phone but I like the tilted back dirt bike thing that was 
games_120_20220319_681161,game,1945 Air Force: Airplane Games,Action,2022-03-19,2,negative,positive,0.9768,4335,"I second all the other comments about it letting you play for a while, but ultimately is unbeatable without many micro-payments and certainly watching a lot of ads along the way. I'm sure the developer is going to ask wh"
apps_175_20221011_391823,app,Alibaba.com - B2B marketplace,Shopping,2022-10-11,5,positive,negative,-0.2271,4279,"Good app for me, I do not like going to the city searching for the product I need, Alibaba is very convenient. There are some issues though, the minimum order shown for the product does not match the seller minimum order"
games_163_20220820_842280,game,Hungry Shark Evolution,Action,2022-08-20,2,negative,positive,0.6616,4278,"I want to start off by saying I really love this game. I think it's fun, challenging, and very entertaining to play. My one issue is that I paid $1.99 for no ads, double gold, and free revives. The double gold doesn't wo"
games_15_20230901_499160,game,Ludo King®,Board,2023-09-01,1,negative,positive,0.9058,4275,"In a three player game, one out of three always get minor numbers. I think that it has fixed that who will win more in this game. The blue (player 1) always get large numbers. And out of 100 matches, 80 matches are won b"
games_139_20230502_752899,game,Free Fire MAX,Action,2023-05-02,2,negative,positive,0.8271,4235,"It was my favourite game but from the last update, it won't let me enter any single game mode. When I team up with my friends and start BR rank match, all my friends enter the game except me, who is left behind and the s"
apps_214_20240803_439608,app,TikTok Studio,Video Players & Editors,2024-08-03,1,negative,positive,0.5614,4217,"it is a great place to work compared to 60% of employees at a typical U.S.-based company.As patrons buy gifts, they earn Experience Points. The more expensive the present, the more points the fan makes to level up faster"
games_15_20200331_498785,game,Ludo King®,Board,2020-03-31,1,negative,positive,0.765,4173,"At first we enjoyed the game. But there seems to be a pattern where once you have reached a certain number of points, the opponent with the lesser coins gets to win. It's all pre programmed. Looks to me like it's a delib"
games_120_20230924_681147,game,1945 Air Force: Airplane Games,Action,2023-09-24,2,negative,positive,0.6588,4160,"It's ok I guess, But the rate at which you can Upgrade your planes does not even come close to keeping up With the increasing power of the enemies. It doesn't Matter what you do. It can take two weeks to get enough Resou"
games_15_20241001_498842,game,Ludo King®,Board,2024-10-01,1,negative,positive,0.9675,4122,"I've been playing Ludo King for a while now, but it has become a truly frustrating experience. The game seems to be rigged, with the dice rolling in favor of the Al or other players far too often. It doesn't feel random "
apps_214_20241124_439573,app,TikTok Studio,Video Players & Editors,2024-11-24,1,negative,positive,0.6691,4048,This App isn't the same as tiktok it doesn't have the fyp and you can't scroll like you can on tiktok and it doesn't have a personal page that you can manage and it doesn't seem like there videos are up to date I really 
apps_175_20201110_382778,app,Alibaba.com - B2B marketplace,Shopping,2020-11-10,2,negative,positive,0.5423,4027,"Just disgusting 😤. I can't log in to my account and even I can't sign up to a new account. I'm repeatedly forced to see the message that "" this account can't log in at this time."" Although, the products are good but one "
games_15_20230326_499095,game,Ludo King®,Board,2023-03-26,1,negative,positive,0.8843,3998,The game setting is extremely predictable and not at all interesting. After a few games its very easy to predict the moves and it almost makes the game frustrating rather than interesting. Also the overall coins won are 
games_17_20240125_509827,game,eFootball™,Sports,2024-01-25,2,negative,positive,0.4181,3974,"I think this could well have gotten a higher rating but it has a few hooks 1.shot cancellation is just too much of a hassle, try to make it similar to console style 2. Whenever AI takes the lead in a match, only a few mi"
games_15_20210126_502455,game,Ludo King®,Board,2021-01-26,5,positive,negative,-0.4404,3959,"Great game. Addictive ... could use some more pre written messages for in the game. For example, sorry, connection issue, stop being a sook, sore looser, thanks, frustrated, hurry up, people seem to think if they wait fo"
games_246_20241208_929198,game,My Talking Tom,Simulation,2024-12-08,5,positive,negative,-0.2957,3956,Very good game I have been playing this since my childhood and at that time we have to do a lot of hard work to get coins for our tom outfits but now the game is completely changed now you have a lot of coins but there i
games_139_20250327_754120,game,Free Fire MAX,Action,2025-03-27,4,positive,negative,-0.3552,3951,"I've been an avid player of Free Fire for quite some time, but recently, I've been experiencing constant issues with the game not loading. Despite having a stable and fast 5G internet connection, the game refuses to load"
games_246_20190706_925348,game,My Talking Tom,Simulation,2019-07-06,1,negative,positive,0.8604,3940,"After the new update and game play was uploaded i cant get into the app anymore, it just keep closing when i try to open and play it. i like the app but this is the second time it has done this sigh, now i can't even upl"
games_104_20200709_641246,game,WorldBox - Sandbox God Sim,Simulation,2020-07-09,2,negative,positive,0.8576,3912,"During Career Mode there are certain levels where it says ""Overtake 10 Cars in 40 Seconds""... Ok, no problem, right? Nope, not so fast, buddy. It wants you to do ""CLOSE"" overtakes. First of all, it doesn't define exactly"
apps_175_20240810_392258,app,Alibaba.com - B2B marketplace,Shopping,2024-08-10,5,positive,negative,-0.5423,3905,"Application works well. However it seems over the years it has picked up many untrustworthy suppliers, showing pictures of expensive bikes going for ridiculously low prices. For example BMW R1250GS for as low as USD2000."
games_163_20190403_841525,game,Hungry Shark Evolution,Action,2019-04-03,1,negative,positive,0.8585,3901,"Used to be one of the most enjoyable games on the store , unfortunately they've changed the currency system to be a typical ""pay for progress"" game that exists everywhere. I used to be able to actually just play and earn"
apps_175_20241202_379751,app,Alibaba.com - B2B marketplace,Shopping,2024-12-02,1,negative,positive,0.3939,3859,"The apps functionality seriously sucks.... Searching for items and typing a message doesn't appear in the box on the screen, scrolling doesn't work, your inbox doesn't refresh messages instantly, close and open the app i"
games_15_20210220_498330,game,Ludo King®,Board,2021-02-20,1,negative,positive,0.5964,3835,I think the quick game mode has a bug in it. Sometimes the pawn is moved without actually clicking on it. It happened to me atleast 5-6 times. I will be thinking about which one to move and suddenly one of my pawns is mo
games_15_20200830_498705,game,Ludo King®,Board,2020-08-30,1,negative,positive,0.4779,3828,"While the experience of Ludo is okay, the algorithm is not random. It is biased and predictable. Just because the game has to be prolonged unnecessarily, they have doctored the algorithm. For example- the opponent will a"
apps_177_20240813_409779,app,Talkie: Creative AI Community,Entertainment,2024-08-13,1,negative,positive,0.2144,3778,"This used to be my favorite app. It has great pictures, the characters interacted pretty well, has voice, and you can create your own characters... well now sometimes the characters break, refusing to talk or saying they"
games_163_20200123_841389,game,Hungry Shark Evolution,Action,2020-01-23,1,negative,positive,0.9342,3769,"The game itself is okay, but I hate it how it always loses my progress. Even when I have it saved up on cloud on Google Play Games. It's every time I download this game I always lose my progress. I thought that if I down"
games_18_20250115_516518,game,Dream League Soccer 2025,Sports,2025-01-15,4,positive,negative,-0.4097,3739,"The game is good, but it has some serious issues:- (1) Sometimes when the opponent shoots the the ball and the GK catches it, and when I try to kick it, He stands there for like 5 secs and then executes the commands. So,"
games_120_20211008_680271,game,1945 Air Force: Airplane Games,Action,2021-10-08,1,negative,positive,0.7369,3724,"Costly. Youre always kept at a disadvantage. If you upgrade your plane, the game updates itself too so youre back to square one. Imagine your plane being 5 stars and needed 3 hits to be shot down then upgrading it to 10 "
games_277_20210722_1020712,game,My Talking Angela 2,Simulation,2021-07-22,2,negative,positive,0.9385,3724,I must say that the whole paying for clothes and makeup for just a day is highly annoying. Also why was the taking pictures feature from my angela one removed. Also the activities idea was nice but the tokens thing is no
games_17_20240509_509994,game,eFootball™,Sports,2024-05-09,2,negative,positive,0.8041,3715,"The graphics and new features are truly amazing, the only one thing that's I'm asking time and time again is ""INCREASE THE PASSING SPEED"" because of it interception are happening more often, a player with 95+ passing can"
games_51_20210224_589486,game,Kick the Buddy－Fun Action Game,Action,2021-02-24,1,negative,positive,0.2263,3701,"I used to play this game when it first came out and it's not the same as it used to be. TOO MANY ADS. And even when you pay to remove ads, to get half of the weapons and stuff you need to watch between 5-20 ads to unlock"
games_255_20210511_958777,game,My Home Design - Modern City,Puzzle,2021-05-11,1,negative,positive,0.2346,3624,Too many ads and items which we use to decor the rooms are too pricey. You spend more time playing mini games to earn the money than actually decorating. But this is not my main problem right now. It is giving me failure
games_116_20230703_662587,game,Worms Zone .io - Hungry Snake,Action,2023-07-03,1,negative,positive,0.8391,3616,another snake game that's a disappointment you want one that's multiplayer but has good controls this one isn't bad but there's no point in the boost because the screen doesn't see enough of the map and the boost uses so
apps_214_20241207_440639,app,TikTok Studio,Video Players & Editors,2024-12-07,2,negative,positive,0.296,3581,"After I've appealed and my video has been restored, it doesn't perform which ultimately affects me and also discouraged me. Do something about it because it's annoying, after spending hours editing and developing videos "
games_120_20240501_684137,game,1945 Air Force: Airplane Games,Action,2024-05-01,5,positive,negative,-0.4034,3561,"Game was fun for a long time. It seems that with having several updates a week, you could keep it working right! Quick missions have not reset since the last update. They were resting every day. Can not play a multiple p"
games_18_20230402_514948,game,Dream League Soccer 2025,Sports,2023-04-02,2,negative,positive,0.8788,3558,"Love the game but! The awards(coins) won are insignificant in comparison to the building projects. Too much needs to be done in order to build the bank. The controls for ex: C for sprint, when I hold it the striker kicks"
games_15_20240605_499157,game,Ludo King®,Board,2024-06-05,1,negative,positive,0.9531,3517,"The game UI and speed is awesome. However, I can clearly say that the game is biased. If we win 2 games subsequently, then it is fixed that we will gonna loss in the next game. Everytime, the one with highest amount have"
apps_177_20240315_413074,app,Talkie: Creative AI Community,Entertainment,2024-03-15,2,negative,positive,0.7543,3514,"It was good and entertaining at first, but the update ruined it by adding the waiting time. At first, it was just 25(?) seconds, but now it turns into minutes. True, there are times that the AI repeats things, but at lea"
apps_175_20200224_392402,app,Alibaba.com - B2B marketplace,Shopping,2020-02-24,5,positive,negative,-0.5267,3507,nice and fast response. good one. good service for orders and payments methods. the only annoying is that sometimes wrong specifications on the product or item and wrong english. And also fake specification on the items 
games_246_20210201_925522,game,My Talking Tom,Simulation,2021-02-01,1,negative,positive,0.7469,3455,"I give 1 star for saving my progress but it deserves -1 million stars the game is infected to critical level whit ads its beyound treatment.1 click on something and bang "" wach this ad"" you click no and the ad plays aniw"
games_51_20190421_589433,game,Kick the Buddy－Fun Action Game,Action,2019-04-21,1,negative,positive,0.8625,3437,"Tbh this is pretty garbage. I had the old Kick the Buddy. Ya know, the original and better one where almost nothing was paid for. Those were the good ol' days. Kick the Buddy was an amazing game, then there is this pay t"
games_116_20240518_662623,game,Worms Zone .io - Hungry Snake,Action,2024-05-18,1,negative,positive,0.769,3423,This game is really good but but there are some massive bugs even though I don't click sped up button it speeds and my game ends I hope this problem will be solved asap. The sensitivity of the worm will playing is very l
games_28_20210812_564643,game,Geometry Dash,Action,2021-08-12,5,positive,negative,-0.3612,3414,"This game is really epic. Lots of hard levels to train for, and a ton of costumes, colors, trails and death effects to equip. But now to the problem. I only have one. 2.2. It hadn't been out for at least 2 years now, Rob"
games_163_20221218_844338,game,Hungry Shark Evolution,Action,2022-12-18,4,positive,negative,-0.8373,3401,"I started playing this game about 6 years ago, where all there was were reef shark, mako, hammerhead, tiger and Great white. I came back to it a few times to discover that not much had changed in the time I stopped playi"
games_15_20190810_499373,game,Ludo King®,Board,2019-08-10,2,negative,positive,0.5221,3343,"It takes a lot of time to start. Whenever I minimize the game in between even for few seconds and open again, it restarts. It's very irritating. Also it has issues with network connection. To play with a friend one has t"
apps_141_20190620_361743,app,Google Play Games,Entertainment,2019-06-20,1,negative,positive,0.2244,3338,i keep updating my review because this app will not open! you keep sending me the message saying to clear cache. that didnt work so i tried using the website the instructions there didnt work either. you are being VERY U
apps_141_20240329_359534,app,Google Play Games,Entertainment,2024-03-29,1,negative,positive,0.6147,3285,"One year later, games still don't sync progress across devices!/// I thought Android was all about syncing across devices. If I play the same game on two different devices, game progress is not synced, how is that possib"
games_163_20210801_845231,game,Hungry Shark Evolution,Action,2021-08-01,4,positive,negative,-0.3038,3265,"Amazing game, but fix the cage glitch Please. Also why does it hit you out of the map. It's very annoying and broken please fix it because it still happens."
games_20_20250228_523400,game,Genshin Impact,Role Playing,2025-02-28,1,negative,positive,0.3889,3264,"This is the first time I'm leaving a bad review for a game. That's how much it sucks. It starts off great but eventually it burns you out with all the grind, making it feel like work rather than fun. Even the dialogues a"
apps_177_20241120_416502,app,Talkie: Creative AI Community,Entertainment,2024-11-20,4,positive,negative,-0.5767,3260,"The app is good and very much entertaining, but there's a problem, I'm getting frustrated by the ad deleting my message. Each time I type and was about to send, this premium ads pops out and when I finish the video in ad"
apps_141_20210606_361019,app,Google Play Games,Entertainment,2021-06-06,1,negative,positive,0.4857,3239,"I keep getting a notice that I need to do something in Google Play games so I click on the link provided, Google Play opens, and then I have no idea what action I need to take because there is nothing on the page that gi"
games_120_20230129_681215,game,1945 Air Force: Airplane Games,Action,2023-01-29,2,negative,positive,0.7875,3235,"So far it has been exceptional, it is the 1st game where I actually spend $$ however a couple days ago got a msg saying they would cancel my account because I was changing the time in my cell phone to get rewards. Time c"
games_183_20230527_851860,game,Hero Wars: Alliance,Role Playing,2023-05-27,1,negative,positive,0.5255,3197,"What is advertised is about 5% of the game. I wanted to see more of this puzzle system, but it's only in the first three campaign levels and a city gate portion. After I completed that I didn't see the puzzle game anymor"
games_123_20210425_694370,game,Lords Mobile: Kingdom Wars,Strategy,2021-04-25,2,negative,positive,0.6542,3179,"Seems to be a free to play game. But the advantage goes to the pay to play player 50:1 advantage. Also the game has had several bugs. I would report with screen shots. It would be ""investigated"" a week ot two later then "
games_18_20250315_513400,game,Dream League Soccer 2025,Sports,2025-03-15,1,negative,positive,0.6908,3172,"To be honest, this game is killer but there are some challenges that need to be handled. FIRST: while the opponent gains control of the ball there is like a repulsive force that pushes my players backward even when they "
games_57_20190718_614757,game,Pou,Simulation,2019-07-18,2,negative,positive,0.9042,3170,"I guess it's fine at what it does, but it tries to accomplish a lot without polishing anything. the visuals look like they were made by a 5 year old, and all the minigames are just watered down versions of better games o"
games_104_20200530_643288,game,WorldBox - Sandbox God Sim,Simulation,2020-05-30,4,positive,negative,-0.25,3163,"For people who hate ads, don't you know that you can press the back button instead of watching a full 30s ad? Also, here's a cheat: in the front page, there is a green box that has a gift symbol on the left. Click on it "
games_275_20220627_1010691,game,Snake.io - Fun Snake .io Games,Action,2022-06-27,2,negative,positive,0.9461,3152,I really liked all the skin options and had earned quite a few through events. Part of the reason I chose this game over others is I liked the graphics better. Unfortunately when I had to replace my phone all my progress
games_139_20250320_754789,game,Free Fire MAX,Action,2025-03-20,4,positive,negative,-0.9422,3149,Unfair weapons and really bad events. 2nd anniv. had much better events. Everyone having lv4 vest and helmet crushing you in short range range with AR guns and you can't eliminate them by even headshots. Moreover charact
apps_175_20230728_379973,app,Alibaba.com - B2B marketplace,Shopping,2023-07-28,1,negative,positive,0.8022,3139,"This is the most hard to use app or non working app. You get notifications that you got a message but when you go into app you will not see that until about 2 mins later. It freezes daily,you have to open and close app a"
apps_141_20190622_359688,app,Google Play Games,Entertainment,2019-06-22,1,negative,positive,0.9161,3136,"The performance has deteriorated significantly after the redesigning of the app. Now it's super slow. To check the achievements and leaderboards for any game, I need to wait at least one minute, and for some particular g"
games_15_20190721_498707,game,Ludo King®,Board,2019-07-21,1,negative,positive,0.8891,3079,"Successfully uninstalled. Peace of mind. The game is flawed. Every time I make it to the colored line, and my opponent gets continuously 6 & 5 and wins. I can't lose every single time. I think its a bot playing the die. "
games_274_20240203_1007129,game,Rollance : Adventure Balls,Action,2024-02-03,1,negative,positive,0.4104,3062,"There are too many commercials making it really suck. Update: You can put all the ads in you want, but at the end of the day, no one will play. You play for 5 seconds, then get an ad for the next 30, making it a game I c"
games_255_20230611_958783,game,My Home Design - Modern City,Puzzle,2023-06-11,1,negative,positive,0.9034,3051,"It was taking lot of time to download, but yup it was interesting and can help to have a front view on how to build a modern model of one's dream home. This is a feed back given for the timepass for me until this app get"
games_51_20240309_589234,game,Kick the Buddy－Fun Action Game,Action,2024-03-09,1,negative,positive,0.5162,3043,"too many ads, I played for 5 minutes and spent at least 3 watching ads back to back to back. it gives the option to watch an ad for a reward and even if you decline it, it sends you straight to one. it's not worth paying"
games_18_20221009_515065,game,Dream League Soccer 2025,Sports,2022-10-09,2,negative,positive,0.9031,3036,"The game freezes more often, sometimes when you have the ball and the chances are clear the controls will not work ie your player having the ball will not move but that of your opponent will be working perfectly. Sometim"
games_20_20240222_523982,game,Genshin Impact,Role Playing,2024-02-22,1,negative,positive,0.951,3030,The game is excellent But the space required skyrockets with every new version. The resource management feature does little to no help to resolve this issue. Hope the devs find out a better solution. Update - the reward 
games_15_20230126_498806,game,Ludo King®,Board,2023-01-26,1,negative,positive,0.4012,3030,"I play this app almost 5 years, but now it becomes so frustrating. Several times it suddenly redirect me to Google play when I'm on the game and it takes time to bring me back to the game. So I lost several chances to pl"
apps_175_20221209_380073,app,Alibaba.com - B2B marketplace,Shopping,2022-12-09,1,negative,positive,0.3956,3017,"So many issues with the app recently! Can't open anything. Goes back to home screen, constantly getting pop up ads!! This app is supposed to be used to help creatives make their products! Stop running giant advertisement"
games_275_20230517_1010692,game,Snake.io - Fun Snake .io Games,Action,2023-05-17,2,negative,positive,0.9081,2993,"At first it was fine, the ads play when you lose, so you have to be pretty good. That leads to the next point. This game is too easy. Getting to #1 was easy even for an amateur slither.io player as myself. This leads to "
games_275_20230521_1012729,game,Snake.io - Fun Snake .io Games,Action,2023-05-21,4,positive,negative,-0.8949,2987,"The game is a lot of fun! The only thing I would change is add an option to turn off cheats, so there aren't other players that aren't invincibile. It's annoying when you are doing really good but then a random player ju"
games_163_20240319_844332,game,Hungry Shark Evolution,Action,2024-03-19,4,positive,negative,-0.8755,2938,"I've loved this game, and it's even as amazing 7 years later. The only problem is that I hadn't played it in months, and I tried opening the app. It kept leaving and wasn't working. Thought it might be a bug, so I cleare"
games_116_20200625_663614,game,Worms Zone .io - Hungry Snake,Action,2020-06-25,2,negative,positive,0.8977,2906,"Game was good until recent update. I play on Android tv. Can not select between infinity and timed. Game freezes on almost all ads, have to reboot tv. Now have to watch double the amount of ads for half the rewards. And "
apps_175_20211223_379872,app,Alibaba.com - B2B marketplace,Shopping,2021-12-23,1,negative,positive,0.6212,2847,"Please just make it work xD it's extremely hard to use this thing, it says ""no connection"" ""log in"" ""reconnecting"" and all of that when I have as stable and fast connection as it gets, I don't have this type of problem w"
games_260_20200811_981336,game,Chaos Road: Combat Car Racing,Action,2020-08-11,5,positive,negative,-0.6187,2805,this game is fun. the upgrades and the cost of new cars is high but that's what keeps me wanting to play. there are a few bugs. the 2 that are the worst are 1. The X2 powerup does not work 2. When the game ask if you wan
games_278_20240221_1024689,game,Kick the Buddy: Second Kick,Action,2024-02-21,1,negative,positive,0.3481,2787,"Too many ads. If I'm interested in going Premium, I will--I don't need an ad for it every three kills. I don't need an ad every time I change a weapon. At the end of each kill, an ad is offered to gain an extra award and"
games_20_20240421_523912,game,Genshin Impact,Role Playing,2024-04-21,1,negative,positive,0.9085,2768,"Love the exploration (Except the whole of sumeru), the lore is good, the character designs are just getting better & better! But, u need to give out better rewards, the primogems are not enough! Plus the grind is always "
apps_175_20220929_379960,app,Alibaba.com - B2B marketplace,Shopping,2022-09-29,1,negative,positive,0.353,2768,"No matter how many updates you guys do, you can't or WONT fix the search issue you've always had. I type in ""Ford key remote"" and I get EVERYTHING with any of those words so I get list of garage REMOTES, led tail lights "
games_255_20201006_958766,game,My Home Design - Modern City,Puzzle,2020-10-06,1,negative,positive,0.7615,2755,"Was a great game until the developers doubled the ad content. Not only that, but now the game is freezing after I make my final move to win the level, especially if I use a rainbow ball. If I use a rainbow ball in conjun"
games_116_20210507_663626,game,Worms Zone .io - Hungry Snake,Action,2021-05-07,2,negative,positive,0.4723,2746,"Game isnt bad, though it would be better against live opponents. It's fairly repetitive after a while. Had it for a few weeks and play occasionally. Now uninstalling due to unskippable adds. I don't mind adds for 5 or 10"
games_255_20210321_958767,game,My Home Design - Modern City,Puzzle,2021-03-21,1,negative,positive,0.6529,2737,"As usual, gameplay is almost entirely matching rather than decorating. The puzzles are less annoying than in other ""decorating"" games I've tried (dozens of them!) but that really isn't saying much. Unless your idea of fu"
games_139_20221120_752822,game,Free Fire MAX,Action,2022-11-20,2,negative,positive,0.8464,2715,"I don't understand why the game crashed when I'm in game. It just so annoying, I thought I could have had a better experience with this version of the game but it turned out to be worse than the normal version. I honestl"
games_18_20230815_514935,game,Dream League Soccer 2025,Sports,2023-08-15,2,negative,positive,0.8832,2707,1. Match finishes too fast. 2. It's really easy to score goals . 3. There should be a difficulty mode. 4. Too many physical tackels by AI . 5. Option to negotiate for any player. 6. Exhibition matches where you can pick 
games_17_20221210_512295,game,eFootball™,Sports,2022-12-10,4,positive,negative,-0.5267,2700,"Gameplay is more complex than fifa but not so abrupt and unassisted like DLS, overall making the gameplay smooth and feels realistic. However, ""scripting"" is sometimes an issue, as sometimes the game just wants you to lo"
apps_175_20210331_380271,app,Alibaba.com - B2B marketplace,Shopping,2021-03-31,1,negative,positive,0.3182,2654,"So many bugs in messenger. The messages visible in mobile alibaba messenger are not visible in desktop site, and vise versa 😂 and some messages hide themselves. And when 3 months later I recieve message from that person,"
games_277_20220812_1019724,game,My Talking Angela 2,Simulation,2022-08-12,1,negative,positive,0.3892,2631,I used to play talking Angela 1 all the time when I was younger so I decided to relive it by downloading this one years later. The second day I had this game it started freezing and made a low pitch buzzing sound each ti
games_17_20220616_509681,game,eFootball™,Sports,2022-06-16,2,negative,positive,0.9659,2629,"Once I rated 5 star ,now become 2 star . 2 star because I love this game, I love football. After the update graphics and aesthetic looks of game really went up. But game play really $**ks . The player switching in assist"
games_123_20210317_694077,game,Lords Mobile: Kingdom Wars,Strategy,2021-03-17,2,negative,positive,0.882,2628,"Edited review : After adding some better contents like Kingdom Labors etc., the game is going good (not best). The Homecoming Rewards are best ever I got and the Sanctuary is a best trap itself. I will increase my rating"
games_139_20220526_752744,game,Free Fire MAX,Action,2022-05-26,2,negative,positive,0.9708,2621,"To be honest, I've been playing this game since Season 1 and I think that old FF was great. Now more than playing game you just see is high ping issue, frame drops, fake damages, glitches, and hackers in Rank push. I pla"
games_183_20231025_851978,game,Hero Wars: Alliance,Role Playing,2023-10-25,1,negative,positive,0.9632,2603,"This would be a fun game however the cost of everything is way too high & not only that, whenever you have to watch ads to get a prize for example like in the theater, as well as other areas, I literally counted eight di"
apps_141_20241204_359691,app,Google Play Games,Entertainment,2024-12-04,1,negative,positive,0.6124,2582,(Update Oct.2024) I'm also having the same experience it seems a lot of others are having with it not letting me update the app. The option is there and every time I click on it it loads like it downloads but never actua
games_163_20220709_842283,game,Hungry Shark Evolution,Action,2022-07-09,2,negative,positive,0.9134,2569,"It's an okay game, very challenging too as time progresses, the health bar decreases faster. However, this game freezes too much for my liking. I will almost complete a mission and the game will immediately freeze, and I"
games_104_20210404_641285,game,WorldBox - Sandbox God Sim,Simulation,2021-04-04,2,negative,positive,0.8225,2556,"This game is good, but the need of higher bike is too short between each level. Eventually u need to stop doing the challenges and keep on doing the free ride over and over until ure able to afford the new bike Its just "
games_139_20250226_751271,game,Free Fire MAX,Action,2025-02-26,1,negative,positive,0.8019,2549,I am going to uninstall this game. And i don't recommend anybody this game. Because this is full of bugs. The developers never try to solve them. They still haven't removed the training ground bug. And from yesterday am 
apps_175_20240616_379774,app,Alibaba.com - B2B marketplace,Shopping,2024-06-16,1,negative,positive,0.3418,2547,"This sight is ridiculous. The way everything is set up is so confusing. I put things in my cart to order, and it tells me that the quantity isn't enough. Then, when I try to enlarge the order, there isn't any way to acco"
games_15_20220612_501429,game,Ludo King®,Board,2022-06-12,4,positive,negative,-0.2255,2545,Quite disappointed... it seems as if the numbers of are not random but fixed. Have to watch the whole 30 sec add n option to skip before 30 sec. If you are 1 or 2 steps away n the opponent has 3 pawns out even then you g
apps_214_20240801_439609,app,TikTok Studio,Video Players & Editors,2024-08-01,1,negative,positive,0.2103,2543,"Terrible app, you are literally better off editing on windows movie maker 2017. HAHA, tic toc studio has a Trash platform with so many bugs. You can be working on editing a video and the app will crash randomly or not re"
games_20_20241012_523344,game,Genshin Impact,Role Playing,2024-10-12,1,negative,positive,0.8873,2539,"The games good, yes but for some reason it's lacking a lot of vital features. The domains are a pain to do over and over again for good artificts—it significantly impacts gameplay and makes the game play feel like a chor"
apps_95_20250104_258972,app,Gauth: AI Study Companion,Education,2025-01-04,5,positive,negative,-0.3367,2524,I have been struggling with Spanish for awhile now. I am in an online program. I have never really understood how to do the ending verbs. I am also very confused anytime it comes to English class. this app has helped me 
games_246_20241015_925234,game,My Talking Tom,Simulation,2024-10-15,1,negative,positive,0.6704,2509,"When I was a kid this was the game me and my mom would play all the time, back when you actually had to play to earn coins to buy a 500c hat. I was utterly disappointed to come back to this game and be given an automatic"
apps_7_20220605_32514,app,IMDb: Movies & TV Shows,Entertainment,2022-06-05,2,negative,positive,0.2263,2509,The app has a lot of issues. When you try to play a trailer. It launches weirdly and struggles in between full screen and minimised mode. When i try to move to full screen the video starts from beginning. The phone doesn
apps_175_20211108_379756,app,Alibaba.com - B2B marketplace,Shopping,2021-11-08,1,negative,positive,0.679,2504,"Super buggy. I also don't know if I can trust this. Everytime I get in my car it makes a phone call and I can't play music or do anything. If I end the call it takes a few minutes to end, but then it just restarts on it "
games_23_20240121_540215,game,Geometry Dash Lite,Action,2024-01-21,4,positive,negative,-0.3398,2499,"The ads can get a little annoying at times but are very minimal and don't interrupt your gameplay. One issue is the auto checkpoints, often I will use them in practice and it will spawn right before a spike or during a j"
games_17_20230820_510115,game,eFootball™,Sports,2023-08-20,2,negative,positive,0.8898,2498,"It is a good game, but the problem is its online gameplay, which is one of the worst. It responds so late that other players easily take the ball. It takes ages to respond, and it's so laggy. Overall, it's an irritating "
games_15_20200902_500103,game,Ludo King®,Board,2020-09-02,2,negative,positive,0.9802,2495,"While playing online this game is extremely partial on the basis of results of the game, but while playing with computer it will be one sided always favouring your side. This game forces you to watch so that they can get"
apps_177_20241005_409805,app,Talkie: Creative AI Community,Entertainment,2024-10-05,1,negative,positive,0.8933,2491,"Talkie AI used to be the best available character AI, but now the app is insufferable. There are too many ads, and the talks aren't unlimited, so now you have to pay for ""Talkie+."" Before you would just watch an ad every"
games_123_20201225_694343,game,Lords Mobile: Kingdom Wars,Strategy,2020-12-25,2,negative,positive,0.8291,2469,"Remember when games were fun? This game has several elements - heroes, bases, combat and battles but they're disparate and confusing. What's more, all the interaction and fun bits have been left out. It's a waiting sim w"
games_18_20241209_516491,game,Dream League Soccer 2025,Sports,2024-12-09,4,positive,negative,-0.3935,2446,"The game is fantastic.But there is a key problem which pertains in it.Now I am even facing challenge of playing the game,why developers🤷. A lot of people, especially my friends are complaining about the game that, this c"
apps_98_20231006_293303,app,YouTube TV: Live TV & more,Entertainment,2023-10-06,5,positive,negative,-0.25,2443,"Still needs some additional features to be rated higher: 1. A one or two week tv guide so you can choose which shows to record. 2. The ability to continue watching on a different device... that is, when switching devices"
apps_95_20220828_248465,app,Gauth: AI Study Companion,Education,2022-08-28,1,negative,positive,0.4607,2430,Definitely a great app to students who struggles to answer math equations. Been using 1 year already and the experience is great. U watch ads to get answers instead of subscribing. (Great for me coz I couldn't afford pay
apps_141_20210716_360399,app,Google Play Games,Entertainment,2021-07-16,1,negative,positive,0.5895,2424,"I've been buying Google play cards for about 3 months now. Small in-app purchases here and there, no issues. The other day I buy 10$ card, put it on my account, load up my favorite game, make 2 purchases. No problem. Las"
games_15_20200526_500083,game,Ludo King®,Board,2020-05-26,2,negative,positive,0.9287,2417,"This game is full of entertainment features. There is no doubt about it. But it seems obvious that the game is designed to win over the opponent player. They act to keep us playing until the end, knowing that the opponen"
games_252_20250308_946185,game,Drive Zone: Car Simulator Game,Simulation,2025-03-08,1,negative,positive,0.9322,2414,"DONT DOWNLOAD!!! PAY TO WIN!! It cost you between $50-$100 to buy the tokens to get better faster cars. I have watched 24 hrs worth of ads and only have 3 cars, and none are maxed. The lucky draws you need to spend close"
games_104_20210222_640307,game,WorldBox - Sandbox God Sim,Simulation,2021-02-22,1,negative,positive,0.3065,2414,"I really love the game and all but because its timed it's not fun I was stuck on level 4 or 3 for like 2 days and I passed it today then it was like "" overtake 8 cars in 40 seconds"" like how is that possible the most car"
games_17_20201015_510208,game,eFootball™,Sports,2020-10-15,2,negative,positive,0.6083,2387,"This is the only game I love playing on my phone. Good graphics. But some features are not there. No line ups before the match, you can't even see the opponents formation, you can't change your tactics while playing, whe"
apps_139_20250109_341516,app,"Linky AI: Chat, Play, Connect",Social,2025-01-09,5,positive,negative,-0.9756,2368,"I LOVE THIS APP. It has kind of changed my life. It is so pleasant to live in your imagination. BUT there is a very, very annoying problem. The previous chat sessions are so hard to remove. I have talked to more than hun"
apps_141_20210202_362768,app,Google Play Games,Entertainment,2021-02-02,2,negative,positive,0.7652,2363,"I have been having problems with Google Play Games on my old phone for months, back when it was my main phone. I have sent multiple reports and nothing has been done. I am very disappointed in this service. Luckily it wo"
games_17_20240125_512224,game,eFootball™,Sports,2024-01-25,4,positive,negative,-0.5376,2362,"I like this game so much but I have so many suggestions. 1) The online matchmaking time is too high. It gets kinda boring sometime. 2) When the opponent pause the game, you should be able to access the pause menu without"
games_28_20241221_564320,game,Geometry Dash,Action,2024-12-21,5,positive,negative,-0.7688,2361,"I have been really enjoying playing this game for more than 5 years and it still be in my favourite game list. The game quality, the soundtrack and the levels are on top! However, I’ve been experiencing this annoying lag"
games_120_20230119_680153,game,1945 Air Force: Airplane Games,Action,2023-01-19,1,negative,positive,0.4371,2361,"The good, 1945 start out as a fun game, good graphics and overall enjoyable shooter. The Bad, leveling up in the game is arduous and not very self explanatory, collecting drop items such as coins diamonds is very time in"
games_23_20220627_541236,game,Geometry Dash Lite,Action,2022-06-27,5,positive,negative,-0.6687,2361,"I love this game and would recommend it. However I do have some problems ever since the game was updated, I noticed that now whenever I want to play the screens shakes a lot sometimes it will lag so hard that I die becau"
games_21_20200301_531899,game,Five Nights at Freddy's,Action,2020-03-01,5,positive,negative,-0.3777,2355,"Im not exactly the right age range for this game, but it's damn good. The animations of the jumpscares, the unnerving and unnatural designs of the animatronics, the tension as the nights get more difficult. And the backs"
games_246_20240404_929299,game,My Talking Tom,Simulation,2024-04-04,5,positive,negative,-0.8565,2352,"OK, so um, I got 100k money and 10k gems when I joined, and I got so confused because I'm not sure it's meant to do that, but hey, who's complaining with endless possibilities. I used to hate waiting for the sleep to fin"
games_18_20210420_514951,game,Dream League Soccer 2025,Sports,2021-04-20,2,negative,positive,0.5664,2335,"I am playing dream league soccer from 2016. It's very addictive and much enjoyable on that time and it's continued till 2018 version. After that, the game was developed in a reverse order , means graphics upgraded but it"
games_20_20250220_523328,game,Genshin Impact,Role Playing,2025-02-20,1,negative,positive,0.8807,2324,"I've been playing this game since version 1.6 and have genuinely enjoyed its graphics, gameplay, and quests. However, I feel the release of story quests has been slow, and it feels like the game's potential is not being "
games_246_20181026_926947,game,My Talking Tom,Simulation,2018-10-26,2,negative,positive,0.9732,2306,Talking tom ooh im fly in the sky GOLDEN DRAGON SUIT GUYS amazing but tom's dirty.hahahaha Guys can adopt tom right and merry christmas in the philipines yes guys greatest game in the world my tom is not a baby right in 
games_15_20210403_499804,game,Ludo King®,Board,2021-04-03,2,negative,positive,0.7506,2294,I uninstalled this app just because in the game many times opponent player leave in the middle of the running game or playing slow & It was too much time consuming to play systematic. I had to wait until they came back. 
games_183_20200711_852603,game,Hero Wars: Alliance,Role Playing,2020-07-11,1,negative,positive,0.281,2292,"I downloaded this game because all the ads on Facebook made it seem like a puzzle game. What a crock of lies! I got one puzzle after a few rounds, and that was it. I played for near 2 months and never saw another puzzle."
apps_175_20200926_380637,app,Alibaba.com - B2B marketplace,Shopping,2020-09-26,1,negative,positive,0.3989,2286,"I have not been able to verify my email address, because the verification code is sent to the email address. And before the code is dropped in the email, the time limit allowed to enter the code must have expired.Can't y"
games_23_20200521_540302,game,Geometry Dash Lite,Action,2020-05-21,4,positive,negative,-0.2244,2286,"Great game! My only problem is that there is a glitch where midway through the level it just goes dark. I literally can't see anything, thus can't play it. I re-installed it and the darkness midway disappeared. I was hap"
apps_141_20220528_359570,app,Google Play Games,Entertainment,2022-05-28,1,negative,positive,0.6884,2283,"The only thing it's good for is wasting space on ur phone! The ""achievements"" don't get u anything, there's always tech issues, and I can't count how many times I've lost all progress on multiple games by logging in usin"
games_143_20220511_773799,game,State of Survival: Zombie War,Strategy,2022-05-11,4,positive,negative,-0.8367,2275,I love this game. Many hours of my life have been spent playing it over the past year. But the most recent update has completely disabled the game for me. The crashing issues are so bad now that I can't even contact cust
games_53_20221118_603368,game,Supreme Duelist,Action,2022-11-18,5,positive,negative,-0.6249,2273,"Me and my cousin played it all the time. And it was awesome, many maps and battles have been made. though we both have suggestions and ideas. We thought that some weapons needed a buff and a nerf. One of which is the gra"
games_17_20240509_509771,game,eFootball™,Sports,2024-05-09,2,negative,positive,0.34,2271,"The game is good but I have a problem with the key matches. They are unnecessary and the opponents players become overrated and the game becomes boring. Instead of giving us a lot of money for nothing, you should replace"
apps_141_20210717_361082,app,Google Play Games,Entertainment,2021-07-17,1,negative,positive,0.6925,2252,"Google Play Services is unable to connect to the internet. Every login to a game on Google Play I am playing, shows up as ""No internet connection please try again later"" There is nothing wrong with the internet connectio"
apps_175_20200915_380062,app,Alibaba.com - B2B marketplace,Shopping,2020-09-15,1,negative,positive,0.3994,2251,"App was working fine before the last update. Ever since, I have encountered dificulties with the Messenger section. It gives as a ""log in error"" where I cannot recieve nor send messages. At home I can work from my PC, bu"
apps_175_20240325_380147,app,Alibaba.com - B2B marketplace,Shopping,2024-03-25,1,negative,positive,0.2732,2242,"Very invasive app. It sends you fake notifications just to open it. Even if i turn every single notification this app every morning around 9 am still semds me a sound notification. New buyers out there, please be careful"
games_118_20210723_673067,game,OTR - Offroad Car Driving Game,Simulation,2021-07-23,2,negative,positive,0.8823,2240,"The game was great, don't get me wrong. I've put in my fair share of hours into it and I can agree that the graphics are way than enough for a mobile game, though i'd like it if we could possibly make our own 'custom' se"
apps_98_20231029_281400,app,YouTube TV: Live TV & more,Entertainment,2023-10-29,1,negative,positive,0.8001,2236,The User Interface is confusing and convoluted. The app promotes recording shows. Which is fine but then they show advertisements that are unskippable. For 73 dollars they will not hesitate to advertise to you. When play
games_262_20221216_987526,game,Jurassic World™: The Game,Simulation,2022-12-16,1,negative,positive,0.9093,2235,"Great game. Love the whole concept, we get to be the one planning the whole park and stuff. Absolutely love it. Edit: The game downloaded all the necessary files after a recent update and won't start at all. The game use"
games_139_20250109_751729,game,Free Fire MAX,Action,2025-01-09,1,negative,positive,0.706,2228,The game is too good but there was also a problem with this game that are some bugs and don't recommend to play this game when there are too many bugs in this game like freezing game in between tolding as network issue t
games_163_20230822_842297,game,Hungry Shark Evolution,Action,2023-08-22,2,negative,positive,0.6221,2224,"This game was amazing and I'm really enjoying it. It has been good untill the recent update had come. The game before was smooth, but ever since the update; the game had turned to be laggy and sometimes, it'll turn my sc"
games_15_20190308_499820,game,Ludo King®,Board,2019-03-08,2,negative,positive,0.6908,2199,This game is simply a waste of time. Ludo should be a game based on luck but this game favours only the higher level players. They get numbers whatever they need almost everytime and I never. I thought it may happen some
games_163_20191226_841364,game,Hungry Shark Evolution,Action,2019-12-26,1,negative,positive,0.3886,2197,"AGAIN! I just lost 30+ minutes of play progress, again! Why? Because when I died, I played a video ad for a free continue, but your ad FROZE and would not stream. Is it so hard to put a CANCEL button to abort the ad, lik"
apps_175_20221118_380080,app,Alibaba.com - B2B marketplace,Shopping,2022-11-18,1,negative,positive,0.431,2195,"I am frustrated using this app. Why is it that it doesn't load pictures, i can't do picture search, it hooks. Other apps are functioning well. I have even deleted lots of tins in my phone just to create space but yet not"
games_116_20200316_662617,game,Worms Zone .io - Hungry Snake,Action,2020-03-16,1,negative,positive,0.34,2195,"at first it was good, and then after a few updates it got all lagged and full of bugs. the major one is when you bought a customized skin. after you close and re-open the app, the skin is changed even without you changin"
games_139_20221118_752902,game,Free Fire MAX,Action,2022-11-18,2,negative,positive,0.8517,2186,"This game good in first. But now the game very laggy and bulky and very slow, so many ping issues and so many glitches please remove the bugs and glitches and the last 2 3 updates was worst example the font and game lobb"
games_17_20220825_509810,game,eFootball™,Sports,2022-08-25,2,negative,positive,0.2481,2186,"The new update sucks! I can't now the see the game stats (goals, assists, passes, shots etc) of individual player. The control buttons are unchangable. It is a hassle. There should have an option to move the control butt"
apps_16_20221203_132594,app,Google One,Productivity,2022-12-03,1,negative,positive,0.5745,2185,"Reliable. I like that this is totally painless-set and forget. The connection between Google One & Drive is a bit obscure (it's the same thing, but you can only access your backups via One). Restoring after reset is conf"
games_133_20231203_729458,game,Age of Apes,Strategy,2023-12-03,1,negative,positive,0.6586,2168,"Only downloaded to get Offerwall rewards for another game, which I can't get because the time limits are too strict and the game requires insane amounts of resources and time to finish anything, let alone within a small "
games_15_20241205_502349,game,Ludo King®,Board,2024-12-05,5,positive,negative,-0.2225,2165,"Great game! i ever played 😊😉 I am just enjoying this game with my family 😁 One of the features that makes Ludo King stand out is its cross-platform multiplayer functionality, allowing users on different devices to compet"
apps_177_20241128_409770,app,Talkie: Creative AI Community,Entertainment,2024-11-28,1,negative,positive,0.5804,2160,"Edit: Alright, the app has changed alot since this review and the app has improved. But the thing is with the Talkie Plus. I understand y'all need money, but there is absolutely no reason to take away free features and p"
games_15_20250408_498324,game,Ludo King®,Board,2025-04-08,1,negative,positive,0.9681,2156,"App is good, but game settings feel rigged to be more engaging rather than truly random Edit: Devs have replied it isn't, but the more I've played, the more I'm convinced it's rigged so that the game is more engaging. Wh"
